{
  "Total" : {
    "transaction" : "Total",
    "sampleCount" : 150,
    "errorCount" : 4,
    "errorPct" : 2.6666667,
    "meanResTime" : 4402.380000000001,
    "medianResTime" : 4071.0,
    "minResTime" : 2109.0,
    "maxResTime" : 11810.0,
    "pct1ResTime" : 6119.200000000001,
    "pct2ResTime" : 7221.599999999998,
    "pct3ResTime" : 11774.810000000001,
    "throughput" : 7.762769756249029,
    "receivedKBytesPerSec" : 351.69086871862544,
    "sentKBytesPerSec" : 0.8928195996998396
  },
  "greenland-bd-Request1(main)" : {
    "transaction" : "greenland-bd-Request1(main)",
    "sampleCount" : 150,
    "errorCount" : 4,
    "errorPct" : 2.6666667,
    "meanResTime" : 4402.380000000001,
    "medianResTime" : 4071.0,
    "minResTime" : 2109.0,
    "maxResTime" : 11810.0,
    "pct1ResTime" : 6119.200000000001,
    "pct2ResTime" : 7221.599999999998,
    "pct3ResTime" : 11774.810000000001,
    "throughput" : 7.762769756249029,
    "receivedKBytesPerSec" : 351.69086871862544,
    "sentKBytesPerSec" : 0.8928195996998396
  }
}