{
  "active-bd Request" : {
    "transaction" : "active-bd Request",
    "sampleCount" : 49,
    "errorCount" : 3,
    "errorPct" : 6.122449,
    "meanResTime" : 2745.3877551020405,
    "medianResTime" : 1840.0,
    "minResTime" : 1274.0,
    "maxResTime" : 11408.0,
    "pct1ResTime" : 5388.0,
    "pct2ResTime" : 8907.5,
    "pct3ResTime" : 11408.0,
    "throughput" : 3.863134657836645,
    "receivedKBytesPerSec" : 70.08822322906812,
    "sentKBytesPerSec" : 0.4451659078366446
  },
  "Total" : {
    "transaction" : "Total",
    "sampleCount" : 49,
    "errorCount" : 3,
    "errorPct" : 6.122449,
    "meanResTime" : 2745.3877551020405,
    "medianResTime" : 1840.0,
    "minResTime" : 1274.0,
    "maxResTime" : 11408.0,
    "pct1ResTime" : 5388.0,
    "pct2ResTime" : 8907.5,
    "pct3ResTime" : 11408.0,
    "throughput" : 3.863134657836645,
    "receivedKBytesPerSec" : 70.08822322906812,
    "sentKBytesPerSec" : 0.4451659078366446
  }
}